<?xml version="1.0" encoding="utf-8"?>
<feed xmlns="http://www.w3.org/2005/Atom">
  <title>Shermanの博客</title>
  
  <subtitle>轻轻地走过，一路漫长...</subtitle>
  <link href="/atom.xml" rel="self"/>
  
  <link href="http://blogs.yumiaoxia.com/"/>
  <updated>2019-03-03T14:27:19.848Z</updated>
  <id>http://blogs.yumiaoxia.com/</id>
  
  <author>
    <name>Sherman</name>
    
  </author>
  
  <generator uri="http://hexo.io/">Hexo</generator>
  
  <entry>
    <title>my-first-blog</title>
    <link href="http://blogs.yumiaoxia.com/2019/03/03/my-first-blog/"/>
    <id>http://blogs.yumiaoxia.com/2019/03/03/my-first-blog/</id>
    <published>2019-03-03T14:16:06.000Z</published>
    <updated>2019-03-03T14:27:19.848Z</updated>
    
    <content type="html"><![CDATA[<p><img src="http://pnsjllgen.bkt.clouddn.com/9eae2f375e1692e7.jpg" alt="tupian"></p>]]></content>
    
    <summary type="html">
    
      
      
        &lt;p&gt;&lt;img src=&quot;http://pnsjllgen.bkt.clouddn.com/9eae2f375e1692e7.jpg&quot; alt=&quot;tupian&quot;&gt;&lt;/p&gt;

      
    
    </summary>
    
    
  </entry>
  
  <entry>
    <title>Hello World</title>
    <link href="http://blogs.yumiaoxia.com/2019/03/02/hello-world/"/>
    <id>http://blogs.yumiaoxia.com/2019/03/02/hello-world/</id>
    <published>2019-03-02T12:52:25.652Z</published>
    <updated>2019-03-02T12:52:25.652Z</updated>
    
    <content type="html"><![CDATA[<p>Welcome to <a href="https://hexo.io/" target="_blank" rel="noopener">Hexo</a>! This is your very first post. Check <a href="https://hexo.io/docs/" target="_blank" rel="noopener">documentation</a> for more info. If you get any problems when using Hexo, you can find the answer in <a href="https://hexo.io/docs/troubleshooting.html" target="_blank" rel="noopener">troubleshooting</a> or you can ask me on <a href="https://github.com/hexojs/hexo/issues" target="_blank" rel="noopener">GitHub</a>.</p><h2 id="Quick-Start"><a href="#Quick-Start" class="headerlink" title="Quick Start"></a>Quick Start</h2><h3 id="Create-a-new-post"><a href="#Create-a-new-post" class="headerlink" title="Create a new post"></a>Create a new post</h3><figure class="highlight bash"><table><tr><td class="gutter"><pre><span class="line">1</span><br></pre></td><td class="code"><pre><span class="line">$ hexo new <span class="string">"My New Post"</span></span><br></pre></td></tr></table></figure><p>More info: <a href="https://hexo.io/docs/writing.html" target="_blank" rel="noopener">Writing</a></p><h3 id="Run-server"><a href="#Run-server" class="headerlink" title="Run server"></a>Run server</h3><figure class="highlight bash"><table><tr><td class="gutter"><pre><span class="line">1</span><br></pre></td><td class="code"><pre><span class="line">$ hexo server</span><br></pre></td></tr></table></figure><p>More info: <a href="https://hexo.io/docs/server.html" target="_blank" rel="noopener">Server</a></p><h3 id="Generate-static-files"><a href="#Generate-static-files" class="headerlink" title="Generate static files"></a>Generate static files</h3><figure class="highlight bash"><table><tr><td class="gutter"><pre><span class="line">1</span><br></pre></td><td class="code"><pre><span class="line">$ hexo generate</span><br></pre></td></tr></table></figure><p>More info: <a href="https://hexo.io/docs/generating.html" target="_blank" rel="noopener">Generating</a></p><h3 id="Deploy-to-remote-sites"><a href="#Deploy-to-remote-sites" class="headerlink" title="Deploy to remote sites"></a>Deploy to remote sites</h3><figure class="highlight bash"><table><tr><td class="gutter"><pre><span class="line">1</span><br></pre></td><td class="code"><pre><span class="line">$ hexo deploy</span><br></pre></td></tr></table></figure><p>More info: <a href="https://hexo.io/docs/deployment.html" target="_blank" rel="noopener">Deployment</a></p>]]></content>
    
    <summary type="html">
    
      
      
        &lt;p&gt;Welcome to &lt;a href=&quot;https://hexo.io/&quot; target=&quot;_blank&quot; rel=&quot;noopener&quot;&gt;Hexo&lt;/a&gt;! This is your very first post. Check &lt;a href=&quot;https://hexo.
      
    
    </summary>
    
    
  </entry>
  
</feed>
