[{"title":"my-first-blog","date":"2019-03-03T14:16:06.000Z","path":"2019/03/03/my-first-blog/","text":"","tags":[]},{"title":"Hello World","date":"2019-03-02T12:52:25.652Z","path":"2019/03/02/hello-world/","text":"Welcome to Hexo! This is your very first post. Check documentation for more info. If you get any problems when using Hexo, you can find the answer in troubleshooting or you can ask me on GitHub. Quick StartCreate a new post1$ hexo new \"My New Post\" More info: Writing Run server1$ hexo server More info: Server Generate static files1$ hexo generate More info: Generating Deploy to remote sites1$ hexo deploy More info: Deployment","tags":[]}]